cName,cPrice,cActive
Core Monitor,742.06,true
Turbo Backpack X,677.34,true
Bold Thermos,31.73,true
Turbo Cable Air,28.47,true
Vibe Drone SE,420.67,false
Bold Speaker,759.28,true
Vibe Thermos Max,279.31,true
Sonic Webcam X,94.55,true
Flex Bottle Max,604.51,true
Peak Wallet SE,126.57,false
Classic Stand 2.0,829.74,false
Bold Charger X,47.72,true
Sonic Mouse X,855.6,true
Rapid Speaker v2,636.4,false
Smart Desk Max,211.08,false
Vibe Grip X,609.9,true
Lite Case Pro,165.07,false
Mega Grip SE,221.17,false
Pulse Hub,230.58,true
Zen Webcam Mini,269.2,true
Luxe Pad Max,214.19,false
Rapid Pillow v2,144.58,true
Turbo Case SE,539.89,false
Arc Pad Mini,363.26,true
Max Watch X,756.26,true
Elite Drone Plus,792.49,false
Swift Headphones Mini,382.85,false
Max Speaker SE,861.05,true
Ace Case X,682.34,false
Sonic Drone Max,113.32,false
Smart Wallet,953.9,false
Max Hub Plus,508.66,true
Edge Drone 2.0,841.98,true
Elite Desk Plus,540.29,true
Swift Webcam v2,21.43,false
Arc Brush 2.0,240.96,true
Arc Pad X,87.47,false
Pulse Headphones SE,766.29,true
Ace Watch SE,166.79,false
Eco Grip SE,755.74,true
Vibe Mouse Mini,995.15,false
Hyper Pillow SE,452.57,true
Turbo Headphones Max,22.98,true
Bold Lamp,72.84,true
Turbo Headphones,859.91,true
Max Lamp 2.0,669.63,true
Lite Backpack Air,577.05,true
Zen Watch Mini,192.02,true
Ace Thermos Max,424.72,false
Edge Case,674.01,true
Ultra Chair Max,800.98,true
Turbo Charger Pro,537.2,true
Nova Notebook 2.0,463.69,true
Hyper Adapter SE,99.7,true
Classic Grip Pro,167.97,false
Pure Charger Mini,902.63,true
Rapid Blender Mini,266.66,false
Mini Thermos SE,662.54,false
Elite Charger 2.0,219.26,true
Bold Case SE,62.83,false
Ultra Keyboard Air,477.82,true
Ultra Cable X,851.63,true
Swift Headphones Pro,404.96,true
Bold Tracker,620.13,false
Ace Pad Air,523.73,false
Eco Lens Max,240.2,false
Elite Lens 2.0,458.3,true
Premium Wallet Air,998.45,true
Classic Stand Pro,506.86,true
Luxe Desk X,879.5,false
Mini Notebook v2,834.07,false
Swift Adapter SE,9.8,false
Luxe Lens X,939.04,true
Mega Monitor X,742.92,true
Mega Mouse Air,212.2,false
Eco Lens 2.0,506.39,false
Arc Grip,94.1,false
Pulse Speaker,5.53,true
Core Speaker Plus,741.74,false
Lite Blender X,77.08,true
Lite Keyboard Max,583.33,true
Nova Backpack,309.63,true
Arc Desk Pro,682.69,true
Flex Hub SE,884.36,false
Swift Case Plus,925.9,true
Edge Notebook Plus,881.64,true
Smart Case Max,782.81,false
Zen Lens Pro,268.26,true
Rapid Bottle,858.87,true
Eco Brush v2,350.95,true
Turbo Blender Pro,399.66,false
Edge Headphones 2.0,352.43,false
Ace Brush SE,332.48,true
Pro Pillow 2.0,180.2,false
Ultra Monitor Air,435.68,false
Nova Tracker SE,117.4,true
Mega Keyboard Mini,3.68,true
Flex Thermos X,948.97,false
Swift Webcam X,720.3,false
Max Mouse Mini,327.52,false
Lite Backpack Pro,421.6,false
Ace Case Plus,616.27,false
Rapid Stand,305.26,true
Nova Adapter Air,607.44,false
Hyper Wallet v2,676.27,false
Zen Pillow Plus,659.52,false
Max Lens Air,336.51,true
Ace Mouse Pro,806.94,true
Premium Keyboard Pro,983.96,true
Hyper Thermos Air,196.04,false
Pure Chair Pro,149.27,true
Arc Hub X,778.85,true
Smart Adapter SE,465.61,true
Luxe Bottle X,457.54,false
Ace Cable SE,596.25,false
Swift Brush SE,427.88,false
Arc Notebook v2,451.16,true
Pulse Drone 2.0,766.27,false
Core Lamp 2.0,440.98,false
Turbo Speaker Max,321.06,true
Elite Backpack Pro,384.26,true
Vibe Charger X,416.03,false
Lite Wallet Mini,64.13,false
Rapid Pillow Air,946.16,true
Edge Pillow Air,381.61,true
Flex Mouse Mini,853.73,false
Lite Case SE,800.26,true
Pure Lamp 2.0,436.95,true
Rapid Webcam Mini,724.72,false
Luxe Backpack Air,535.05,false
Bold Pad,85.77,false
Elite Bottle v2,183.36,false
Rapid Webcam Pro,455.78,false
Sonic Pillow Mini,279.69,false
Mega Brush X,471.36,true
Flex Lamp X,781.66,true
Sonic Blender Pro,200.95,true
Swift Backpack Pro,127.96,true
Bold Charger v2,700.06,false
Smart Tracker Air,963.8,true
Sonic Brush Plus,964.78,true
Bold Blender 2.0,576.64,false
Rapid Filter Pro,77.83,true
Pro Filter 2.0,850.58,true
Zen Pad,348.5,false
Ace Desk X,506.94,false
Premium Bottle Mini,822.68,true
Nova Desk v2,707.88,false
Smart Case SE,965.53,false
Swift Adapter SE,775.08,false
Nova Brush Air,269.85,true
Pulse Grip X,280.36,false
Turbo Hub v2,570.7,false
Slim Blender v2,851.24,true
Pure Charger Max,798.23,false
Mega Pillow Air,701.77,false
Lite Blender SE,948.16,true
Turbo Case Mini,489.59,true
Vibe Watch v2,449.27,true
Classic Mouse Pro,405.58,true
Mini Lens Air,370.27,false
Nova Case SE,332.12,false
Mega Mouse 2.0,232.07,true
Slim Monitor SE,950.97,true
Eco Charger v2,277.94,false
Pro Brush Pro,297.64,false
Smart Mouse,708.59,true
Mega Keyboard,554.24,true
Core Bottle v2,104.37,true
Bold Mouse v2,479.75,false
Smart Keyboard 2.0,941.17,false
Pro Brush X,401.9,true
Bold Drone,153.41,false
Classic Lamp X,558.95,false
Swift Tracker Air,227.23,false
Hyper Grip v2,298.75,false
Mini Pad Air,62.1,true
Sonic Charger Pro,266.11,true
Smart Lamp Plus,552.88,true
Premium Thermos v2,689.98,false
Mini Keyboard Pro,289.52,false
Vibe Bottle v2,73.03,true
Luxe Speaker Air,661.85,true
Nova Monitor SE,226.35,true
Luxe Speaker Plus,73.26,true
Zen Mouse Air,749.45,false
Hyper Monitor v2,689.29,false
Mega Cable SE,494.8,true
Swift Keyboard Mini,735.05,false
Premium Headphones Pro,961.98,true
Sonic Lens 2.0,577.08,true
Pure Cable v2,916.23,true
Bold Thermos v2,969.11,false
Flex Thermos Max,322.41,true
Edge Notebook Max,412.81,false
Mini Lens Mini,813.93,true
Hyper Headphones Max,253.88,true
Sonic Chair SE,825.27,true
Ace Bottle SE,463.04,true
Eco Cable Max,623.38,false
Core Wallet,205.14,true
Luxe Mouse v2,881.07,false
Pro Blender Air,799.71,true
Mini Stand,553.14,true
Turbo Brush X,462.51,true
Core Brush Plus,499.37,false
Max Filter 2.0,416.65,false
Pure Lamp v2,552.15,false
Eco Grip Air,509.21,true
Edge Headphones 2.0,773.12,false
Slim Grip SE,268.63,true
Mini Case 2.0,837.79,false
Edge Backpack v2,539.49,false
Slim Stand SE,378.45,false
Edge Charger Pro,572.64,true
Edge Hub Mini,45.55,false
Vibe Grip Mini,387.3,true
Pure Keyboard Plus,503.28,false
Edge Monitor v2,101.5,false
Premium Case Plus,411.15,true
Classic Watch 2.0,339.87,false
Core Headphones Max,852.63,false
Slim Drone v2,872.63,true
Swift Headphones Pro,631.89,false
Turbo Case X,435.09,true
Sonic Drone X,444.78,false
Arc Blender,325.72,true
Mini Desk Max,431.82,true
Max Thermos Air,682.43,true
Smart Notebook X,610.26,false
Swift Lens Pro,498.66,true
Turbo Wallet 2.0,460.64,true
Arc Adapter v2,901.4,true
Classic Wallet Max,987.67,false
Core Thermos 2.0,457.91,false
Eco Chair v2,108.43,false
Bold Desk Air,297.27,false
Premium Brush Mini,275.92,true
Luxe Tracker v2,833.16,false
Sonic Adapter Pro,607.84,false
Turbo Drone Pro,621.64,true
Core Monitor,310.31,false
Ultra Pad Max,732.89,true
Luxe Mouse Max,747.98,true
Eco Backpack SE,876.7,false
Max Cable 2.0,830.8,false
Luxe Brush v2,967.44,false
Peak Bottle Max,804.61,false
Classic Backpack Pro,860.41,false
Edge Adapter SE,367.03,false
Premium Speaker SE,125.33,false
Ace Case 2.0,585.38,false
Pro Lens Pro,472.52,false
Luxe Tracker Pro,648.35,false
Luxe Filter 2.0,649.93,true
Elite Keyboard,305.75,false
Pro Monitor Pro,887.47,true
Rapid Wallet Max,671.14,false
Bold Case Plus,885.63,true
Pulse Watch Air,409.29,false
Ultra Filter Max,218.83,false
Turbo Bottle Max,101.15,false
Lite Pillow Max,62.42,false
Eco Monitor v2,93.48,true
Core Drone Air,971.14,true
Zen Webcam Pro,988.83,true
Classic Brush SE,208.73,true
Pulse Bottle Pro,329.89,true
Zen Pillow Air,4.82,true
Elite Stand 2.0,798.91,true
Ace Bottle,133.53,false
Zen Adapter Pro,589.67,true
Smart Speaker,128.5,false
Max Monitor X,477.28,false
Max Pad X,453.09,true
Swift Keyboard SE,303.02,true
Ultra Watch Mini,427.41,true
Pure Filter v2,75.33,true
Slim Tracker Plus,67.54,false
Swift Drone Air,549.25,false
Rapid Tracker SE,296.3,false
Pro Adapter X,853.08,true
Nova Wallet Pro,414.98,false
Rapid Thermos X,313.91,false
Ace Speaker Max,953.68,false
Classic Headphones X,95.03,true
Peak Case Max,812.14,true
Bold Stand SE,330.98,true
Nova Desk Mini,868.35,true
Mini Tracker 2.0,352.93,true
Elite Lens v2,225.79,true
Flex Bottle SE,368.82,false
Bold Lamp Mini,845.45,true
Swift Grip 2.0,30.89,false
Vibe Hub 2.0,921.68,false
Premium Notebook Plus,567.18,false
Classic Backpack,93.56,true
Rapid Thermos v2,342.2,false
Mini Case Max,777.27,true
Arc Keyboard Plus,159.09,true
Ace Headphones 2.0,444.22,false
Pure Tracker v2,415.35,true
Sonic Cable X,346.47,true
Mini Lens Air,487.65,false
Ultra Lamp Mini,984.47,true
Premium Charger 2.0,945.42,true
Sonic Speaker 2.0,329.46,true
Pure Case Mini,177.33,false
Lite Filter Pro,501.25,false
Classic Chair,437.34,false
Luxe Headphones Max,576.6,false
Vibe Drone Mini,290.93,false
Premium Webcam Plus,801.71,false
Pulse Filter Max,89.94,true
Turbo Thermos Air,401.64,true
Rapid Bottle 2.0,746.3,true
Slim Hub Plus,78.22,true
Max Cable Pro,906.1,false
Flex Case Plus,237.79,true
Mega Charger Plus,603.18,true
Smart Hub v2,465.02,false
Ace Grip Air,643.7,false
Edge Drone Max,152.65,true
Pure Wallet 2.0,796.73,true
Flex Cable X,311.78,false
Ultra Keyboard Max,832.02,true
Core Bottle X,615.77,false
Hyper Pad SE,954.31,true
Hyper Grip Air,652.52,false
Swift Watch SE,152.55,true
Hyper Monitor Max,982.41,true
Max Drone Plus,41.05,false
Hyper Cable SE,610.58,false
Flex Grip 2.0,388.63,false
Ace Tracker,789.64,false
Classic Webcam X,558.84,false
Mini Speaker Air,873.52,false
Classic Pad Plus,916.9,false
Core Filter Mini,130.68,true
Mini Stand Mini,644.2,false
Pulse Backpack SE,95.26,false
Max Desk,363.86,true
Eco Webcam v2,193.61,true
Elite Headphones 2.0,844.73,true
Max Hub SE,835.44,true
Ace Webcam Air,132.78,false
Elite Notebook Plus,831.67,true
Peak Wallet,412.03,true
Hyper Tracker 2.0,752.88,false
Turbo Stand Pro,310.84,false
Arc Brush Pro,369.1,false
Hyper Hub 2.0,778.56,false
Smart Brush Pro,801.65,true
Edge Speaker,641.89,false
Lite Grip X,711.97,true
Mini Headphones Plus,274.24,true
Pulse Thermos X,946.51,true
Pulse Wallet Max,930.6,false
Ultra Chair SE,375.2,false
Classic Desk Pro,30.12,true
Pulse Filter Max,791.79,true
Ultra Mouse v2,696.67,true
Sonic Filter v2,449.69,true
Arc Headphones,257.4,true
Lite Case Air,528.71,true
Sonic Mouse Pro,302.54,true
Turbo Thermos Air,458.19,true
Pulse Pillow v2,597.54,true
Core Cable Air,243.44,true
Mini Thermos,615.57,true
Bold Thermos Plus,665.03,true
Max Desk X,953.49,true
Rapid Bottle v2,45.44,false
Flex Speaker,358.37,true
Flex Lamp X,771.95,false
Elite Keyboard Max,546.91,true
Pulse Hub v2,980.85,false
Core Notebook Plus,64.96,false
Ultra Mouse Pro,45.71,true
Arc Keyboard Max,933.49,false
Pulse Stand v2,254.8,true
Mini Desk,866.06,false
Mega Monitor Max,438.07,false
Peak Wallet Mini,340.35,true
Pure Filter v2,368.6,false
Zen Headphones Mini,80.76,true
Lite Mouse Max,104.38,false
Ace Mouse 2.0,447.01,false
Smart Filter v2,352.83,true
Peak Bottle Max,615.61,false
Mega Drone,76.88,false
Flex Cable Plus,952.87,true
Edge Tracker v2,36.72,true
Turbo Hub Max,363.42,true
Swift Backpack v2,948.92,false
Hyper Hub X,574.76,false
Rapid Webcam 2.0,251.1,true
Premium Case Plus,500.04,false
Luxe Stand X,263.24,false
Vibe Wallet Pro,996.36,false
Vibe Grip v2,201.77,true
Edge Headphones v2,174.3,false
Classic Adapter Max,668.49,true
Lite Stand 2.0,891.54,true
Vibe Filter Plus,794.1,true
Pro Charger Plus,238.25,false
Premium Desk SE,573.12,false
Zen Stand Plus,612.71,true
Classic Mouse Mini,999.59,false
Max Thermos Mini,823.68,true
Elite Webcam X,451.06,false
Elite Pillow SE,640.5,true
Sonic Backpack Mini,503.85,true
Pulse Monitor SE,154.7,true
Smart Webcam Pro,347.32,false
Edge Headphones 2.0,197.9,false
Elite Drone 2.0,615.19,true
Max Drone Plus,592.61,true
Smart Lens Air,721.18,false
Pulse Grip Air,43.1,true
Classic Keyboard Air,266.12,true
Sonic Pad Mini,618.86,true
Pure Pillow SE,291.08,false
Pure Lamp Mini,298.83,true
Vibe Keyboard Plus,440.72,false
Hyper Charger Max,607.44,false
Edge Filter Max,734.72,false
Rapid Backpack Max,515.94,true
Slim Lamp v2,124.27,false
Turbo Backpack X,52.49,false
Edge Tracker Mini,249.76,true
Pulse Webcam Air,721.68,true
Sonic Notebook v2,995.97,false
Pure Pillow 2.0,498.37,true
Rapid Cable v2,966.74,true
Bold Desk,52.43,false
Swift Pillow v2,287.17,true
Edge Monitor Mini,135.66,false
Peak Desk Mini,367.2,false
Ultra Pad SE,196.26,false
Classic Chair SE,451.44,false
Pulse Tracker Air,120.56,true
Rapid Desk Max,558.71,false
Sonic Backpack Pro,603.25,false
Max Keyboard,40.83,false
Zen Watch SE,458.06,true
Slim Grip Air,319.88,false
Swift Case 2.0,594.53,false
Vibe Pad 2.0,475.93,true
Flex Webcam X,979.93,false
Zen Pillow,597.71,false
Core Adapter Air,578.47,true
Bold Watch Plus,525.17,false
Elite Brush Pro,33.5,true
Eco Blender v2,315.06,true
Nova Filter Pro,411.55,false
Edge Bottle,706.35,true
Lite Webcam v2,526.42,false
Smart Wallet SE,343.63,false
Ace Hub 2.0,610.85,true
Turbo Speaker SE,299.89,false
Sonic Mouse Pro,690.85,false
Slim Watch Max,561.36,false
Mini Monitor Air,677.26,false
Arc Chair Max,954.69,true
Mini Keyboard 2.0,955.39,true
Flex Grip v2,656.65,false
Eco Charger SE,272.58,false
Elite Monitor Air,741.4,true
Turbo Keyboard SE,227.21,true
Ultra Monitor Mini,331.62,false
Pro Lens Plus,7.16,true
Nova Drone v2,478.48,true
Sonic Mouse Max,286.83,true
Luxe Hub X,652.98,true
Lite Case,913.39,true
Nova Pillow Plus,934.04,true
Pulse Chair v2,187.93,false
Arc Keyboard,299.79,true
Luxe Webcam 2.0,455.43,false
Arc Backpack SE,469.07,true
Zen Monitor Max,164.16,false
Core Speaker Plus,16.05,false
Zen Mouse Air,675.04,true
Smart Tracker Mini,827.33,false
Classic Chair X,186.4,true
Pure Webcam Pro,8.81,false
Turbo Wallet 2.0,954.12,false
Bold Case Air,13.4,false
Vibe Lamp,668.44,false
Mini Notebook Mini,686.69,false
Vibe Monitor 2.0,368.8,true
Turbo Backpack v2,154.87,false
Nova Filter SE,912.96,true
Sonic Lamp Air,873.38,true
Max Wallet SE,704.35,true
Luxe Pad X,63.62,true
Bold Stand Plus,166.2,false
Pro Lens Pro,717.47,false
Classic Pillow SE,446.58,true
Hyper Backpack SE,416.58,true
Lite Wallet 2.0,723.82,false
Mega Brush,746.3,true
Ultra Thermos Max,700.97,true
Luxe Pillow X,986.15,false
Ultra Mouse Mini,181.61,true
Sonic Drone Mini,375.7,false
Hyper Bottle Mini,376.88,true
Core Bottle Max,120.39,false
Max Backpack Pro,835.14,true
Mini Wallet SE,425.27,false
Pulse Lamp Pro,461.69,true
Mega Charger X,34.14,false
Swift Hub,242.17,true
Pro Tracker,447.54,true
Turbo Case,403.45,true
Lite Charger,141.85,false
Turbo Brush Air,320.26,false
Turbo Mouse Plus,985.71,true
Nova Mouse 2.0,62.83,true
Core Lens Mini,556.73,true
Flex Drone Mini,786.22,false
Vibe Thermos Mini,150.91,false
Smart Hub SE,474.56,true
Mini Bottle Plus,806.15,true
Lite Thermos Mini,558.16,true
Rapid Lamp 2.0,204.92,true
Luxe Wallet Max,94.27,true
Ultra Speaker Mini,674.31,true
Edge Headphones Pro,805.03,true
Pure Charger Max,304.57,true
Eco Grip Pro,962.14,true
Peak Hub v2,914.6,true
Rapid Grip Pro,552.97,false
Rapid Wallet SE,649.41,false
Mega Desk SE,883.04,false
Pro Adapter v2,762.1,false
Luxe Charger Max,314.29,true
Bold Bottle Pro,741.76,true
Mega Stand Air,579.97,false
Mini Backpack Pro,331.2,false
Bold Brush Pro,500.29,false
Mega Hub v2,966.57,false
Hyper Notebook Max,170.92,false
Smart Grip SE,990.33,true
Max Keyboard X,945.29,true
Sonic Blender Mini,139.21,true
Classic Filter Plus,11.11,false
Flex Keyboard Air,638.44,false
Ace Watch,8.59,false
Premium Blender SE,722.74,false
Premium Cable Mini,806.55,true
Pro Grip X,525.33,true
Eco Tracker SE,253.9,false
Mega Adapter Mini,80.85,false
Hyper Pad Pro,990.24,true
Mini Lens X,654.42,true
Classic Chair Mini,378.41,false
Ultra Drone,703.43,true
Pure Bottle Mini,645.61,false
Bold Bottle X,894.99,true
Turbo Charger Air,476.54,true
Luxe Headphones 2.0,899.5,true
Smart Grip Max,17.62,true
Bold Backpack Mini,929.01,false
Smart Pad Pro,567.55,false
Ace Pillow SE,333.06,true
Zen Filter X,501.78,false
Ultra Monitor Mini,233.67,true
Slim Tracker Air,954.94,false
Sonic Webcam,634.84,false
Pure Lamp Max,553.92,false
Nova Notebook Air,661.34,true
Sonic Tracker 2.0,798.45,true
Classic Speaker Plus,381.23,true
Peak Chair Max,361.97,true
Premium Mouse v2,361.19,false
Pro Backpack X,189.01,false
Lite Stand SE,409.22,true
Classic Desk SE,94.87,false
Edge Chair,293.25,false
Sonic Headphones SE,905.39,true
Bold Cable Plus,685.94,true
Elite Speaker 2.0,269.86,true
Classic Notebook Mini,277.4,false
Pure Adapter X,362.39,true
Peak Drone v2,594.61,true
Hyper Monitor Plus,306.04,false
Slim Brush Air,381.12,false
Hyper Webcam Mini,815.83,true
Mini Webcam Air,947.37,true
Pure Webcam Plus,964.64,false
Mini Case v2,967.82,true
Slim Chair 2.0,816.85,false
Flex Monitor Air,201.39,true
Ace Hub SE,28.85,false
Vibe Charger v2,798.08,true
Pulse Bottle Mini,673.62,true
Core Mouse Pro,254.17,true
Vibe Thermos Mini,75.81,false
Bold Chair SE,507.59,false
Lite Keyboard Max,702.22,true
Pro Hub Pro,658.28,false
Smart Drone Air,46.2,false
Sonic Webcam Mini,107.72,true
Mega Lamp SE,747.35,true
Hyper Desk Mini,464.13,true
Flex Blender v2,106.33,false
Luxe Headphones X,831.65,true
Flex Mouse Max,456.41,true
Max Watch Max,477.2,false
Peak Filter v2,320.26,false
Ultra Adapter X,24.53,false
Core Monitor Plus,930.05,true
Max Notebook SE,161.81,false
Hyper Lamp Mini,630.49,true
Core Lens Mini,396.78,true
Hyper Pad Mini,390.05,true
Eco Speaker X,578.18,true
Flex Webcam Pro,458.63,false
Ace Bottle v2,528.65,false
Swift Chair Air,393.75,true
Flex Desk v2,618.12,false
Luxe Tracker Air,86.57,true
Slim Monitor Pro,306.76,true
Flex Filter Plus,511.79,false
Swift Backpack Air,384.93,true
Pure Drone SE,694.04,true
Lite Notebook v2,290.25,true
Slim Brush v2,620.16,false
Premium Watch Plus,196.73,false
Lite Cable v2,410.31,false
Nova Filter v2,489.71,true
Bold Blender Pro,293.5,false
Turbo Stand 2.0,169.86,false
Bold Case v2,550.62,true
Bold Monitor 2.0,775.55,false
Lite Brush,760.47,false
Lite Charger Mini,104.2,true
Mini Bottle,450.82,false
Edge Brush X,440.18,true
Sonic Adapter Pro,211.45,false
Edge Filter Air,633.5,true
Swift Backpack Pro,813.89,true
Bold Desk SE,282.51,true
Slim Filter 2.0,290.74,false
Edge Cable X,137.31,false
Luxe Keyboard 2.0,867.3,true
Vibe Bottle Plus,251.17,false
Pulse Lamp Mini,490.47,false
Core Thermos Mini,453.08,true
Rapid Cable 2.0,695.3,false
Hyper Watch Max,582.78,true
Peak Wallet Max,850.4,false
Eco Thermos Pro,495.72,false
Pulse Mouse Max,548.21,true
Bold Bottle v2,788.72,true
Ultra Monitor v2,18.24,true
Hyper Wallet,991.84,false
Eco Filter Plus,882.37,false
Smart Bottle 2.0,95.14,false
Mega Headphones Max,665.17,true
Ultra Chair 2.0,726.53,true
Nova Drone X,704.28,true
Eco Watch X,134.42,true
Max Lens v2,11.26,false
Pulse Monitor Mini,694.63,false
Classic Lamp Mini,91.14,true
Pro Webcam Max,881.22,true
Rapid Hub Plus,642.28,true
Classic Cable Air,10.45,true
Hyper Desk Pro,628.81,true
Luxe Thermos Air,687.18,true
Classic Pillow X,141.72,true
Bold Case Mini,352.82,false
Slim Adapter Plus,249.28,true
Turbo Stand Air,600.8,false
Sonic Filter,848.19,false
Eco Cable Air,510.49,false
Mini Drone,784.22,true
Pure Chair X,242.59,true
Max Pillow,986.9,false
Elite Chair Air,422.01,true
Sonic Watch X,18.65,true
Premium Speaker Pro,41.74,true
Zen Chair SE,287.9,false
Nova Filter Mini,84.25,true
Mega Headphones 2.0,80.85,true
Zen Backpack SE,328.09,true
Mini Filter Mini,730.49,true
Ultra Lamp X,924.77,true
Hyper Tracker Air,56.91,true
Pro Blender Plus,702.09,true
Pure Desk SE,518.18,false
Smart Desk Plus,750.27,false
Peak Pillow X,771.88,true
Slim Adapter Mini,273.43,true
Mega Filter Air,628.27,false
Hyper Cable Max,57.32,true
Flex Notebook 2.0,773.77,true
Turbo Case SE,4.55,true
Turbo Keyboard v2,365.24,true
Smart Grip,553.75,false
Turbo Webcam Pro,417.41,false
Mega Brush X,572.38,true
Max Lens,180.98,true
Rapid Headphones v2,866.29,false
Slim Headphones SE,457.82,false
Eco Mouse Air,784.93,true
Hyper Desk Air,971.9,true
Peak Pillow SE,760.95,true
Elite Blender Mini,25.85,false
Core Brush,951.08,true
Sonic Lens Mini,849.3,false
Pro Charger SE,983.14,false
Pure Keyboard Plus,712.22,true
Ultra Grip Pro,897.48,false
Vibe Pillow Max,459.53,true
Bold Monitor SE,135.24,false
Classic Pad Air,64.15,true
Turbo Mouse 2.0,851.2,false
Vibe Brush Max,319.41,false
Turbo Headphones Pro,137.83,true
Elite Monitor Plus,450.66,false
Nova Monitor SE,359.56,true
Hyper Mouse v2,266.47,true
Classic Notebook 2.0,826.72,true
Eco Brush Max,150.02,true
Flex Chair SE,50.84,false
Mega Brush Plus,33.01,false
Edge Wallet SE,748.57,true
Pro Wallet X,804.28,true
Pro Blender,830.7,true
Elite Charger Mini,373.49,true
Bold Pad 2.0,917.58,true
Premium Headphones Pro,902.68,false
Zen Backpack X,905.26,false
Pro Keyboard v2,52.53,false
Pulse Case Mini,497.12,false
Ace Thermos Plus,355.23,true
Mega Speaker v2,883.65,true
Swift Tracker Air,247.28,false
Pure Thermos SE,480.06,true
Mega Chair Plus,420.39,true
Core Adapter SE,795.25,false
Zen Filter Max,480.72,false
Flex Grip Air,503.38,false
Mega Notebook,320.23,true
Premium Pillow 2.0,60.46,false
Max Desk Air,999.6,true
Pro Lamp Pro,267.98,true
Sonic Lamp Air,846.8,false
Flex Grip Plus,177.74,false
Zen Case Max,914.14,true
Vibe Filter Max,947.65,true
Bold Charger v2,543.03,true
Pure Keyboard X,58.05,true
Premium Cable v2,2.67,true
Zen Backpack Max,717.49,false
Ultra Blender Plus,587.43,true
Sonic Monitor SE,860.94,true
Flex Filter Mini,586.83,false
Mini Webcam Plus,975.9,false
Zen Drone v2,649.87,true
Vibe Stand Air,787.41,true
Ace Pad Plus,379.62,false
Elite Notebook,948.88,false
Edge Hub Air,34.31,false
Luxe Adapter Air,222.44,true
Luxe Watch Plus,332.5,true
Turbo Desk Max,169.54,true
Pulse Filter Max,447.73,false
Eco Lamp X,351.77,true
Peak Blender,387.16,false
Smart Pillow Mini,494.09,false
Flex Stand Mini,103.22,false
Zen Bottle Air,651.66,true
Smart Wallet X,799.59,true
Mini Blender Max,262.6,true
Classic Webcam Plus,888.15,true
Peak Headphones SE,941.94,true
Slim Tracker Air,893.43,true
Nova Drone Plus,608.09,false
Smart Keyboard X,332.42,true
Nova Filter SE,722.58,false
Ace Mouse 2.0,239.06,true
Rapid Pad SE,840.16,true
Ultra Desk,428.74,false
Pulse Lens Air,481.36,true
Premium Charger Plus,638.9,true
Pure Bottle X,309.73,false
Pure Watch 2.0,92.94,false
Smart Desk Mini,370.65,false
Ultra Speaker v2,466.12,true
Pulse Speaker Air,63.51,true
Classic Lens Max,808.55,false
Sonic Pad Pro,554.48,false
Pulse Cable Mini,965.69,false
Bold Pillow Pro,477.3,true
Rapid Pillow,503.09,true
Pro Hub v2,174.52,true
Eco Adapter Pro,127.92,false
Classic Lens Mini,203.51,true
Pulse Tracker 2.0,321.1,true
Classic Chair SE,398.55,false
Edge Speaker SE,459.23,true
Zen Filter Air,588.39,false
Pro Thermos Plus,149.89,true
Luxe Monitor Air,779.98,false
Edge Stand Max,878.13,false
Rapid Drone v2,572.87,false
Ultra Notebook 2.0,404.16,false
Ultra Chair Max,691.12,true
Peak Watch 2.0,897.23,true
Slim Brush 2.0,312.32,false
Edge Filter X,972.54,true
Elite Mouse v2,774.47,false
Mega Case Mini,605.76,true
Eco Wallet Pro,913.6,false
Peak Watch SE,867.44,true
Max Adapter Plus,67.48,false
Elite Hub SE,879.56,true
Smart Charger Pro,837.29,true
Ultra Wallet,918.19,true
Mega Desk v2,506.11,true
Ace Blender Pro,373.71,false
Smart Bottle v2,587.7,false
Flex Notebook 2.0,749.45,true
Mini Blender Mini,51.54,true
Edge Lamp Pro,678.33,false
Core Thermos SE,22.0,true
Pure Grip Plus,648.07,true
Turbo Speaker Air,805.47,false
Vibe Filter 2.0,424.95,false
Edge Desk v2,253.48,false
Mini Lens SE,824.65,false
Bold Monitor,512.48,false
Lite Drone Air,609.82,false
Ace Monitor v2,65.7,false
Core Webcam 2.0,262.61,false
Eco Backpack SE,765.93,true
Zen Bottle Air,405.28,false
Ace Backpack,656.08,false
Mega Grip Mini,405.78,true
Bold Filter Air,816.37,false
Peak Filter Pro,686.94,false
Luxe Lens Max,508.29,true
Pulse Lens SE,182.76,true
Pure Backpack 2.0,725.73,true
Ace Pillow Max,655.12,true
Flex Lamp 2.0,421.62,false
Flex Speaker Air,295.45,true
Pure Keyboard Air,581.14,true
Pure Pillow Pro,501.47,false
Max Mouse Mini,55.94,true
Elite Charger Max,410.36,false
Elite Webcam Plus,779.37,false
Slim Drone Plus,314.78,true
Premium Wallet 2.0,210.95,true
Bold Hub Plus,490.59,true
Elite Tracker Mini,634.21,false
Nova Watch Mini,6.65,true
Peak Desk,892.21,true
Premium Lens,627.42,true
Turbo Filter Max,313.46,true
Rapid Cable Air,307.49,true
Pulse Keyboard 2.0,948.56,false
Peak Cable Air,525.06,false
Arc Lens Plus,344.04,false
Flex Hub Pro,166.54,false
Premium Lamp Pro,727.7,true
Eco Case,590.5,true
Pro Desk,376.43,false
Sonic Stand Air,50.48,true
Ace Monitor,50.13,true
Nova Wallet Mini,125.34,false
Pure Filter Plus,207.07,true
Mini Thermos X,663.15,false
Swift Tracker Plus,419.98,true
Max Case Air,119.49,true
Zen Monitor v2,200.24,true
Sonic Speaker SE,973.16,false
Vibe Thermos 2.0,162.04,false
Luxe Charger v2,331.93,true
Premium Lens X,907.06,false
Elite Headphones SE,76.89,true
Arc Speaker Pro,457.83,false
Mega Wallet,101.6,true
Edge Keyboard 2.0,361.48,false
Nova Case X,96.8,true
Premium Bottle Plus,664.02,true
Slim Desk v2,955.17,false
Arc Case X,373.87,false
Smart Monitor Mini,401.44,false
Mega Brush Mini,690.51,false
Zen Thermos Plus,114.82,true
Edge Notebook X,417.19,false
Zen Pad v2,182.89,false
Sonic Desk Air,30.75,true
Pure Grip v2,114.7,false
Hyper Keyboard X,263.08,false
Premium Filter SE,767.98,true
Ace Bottle Max,520.05,true
Nova Lens Pro,482.96,false
Elite Brush SE,892.27,true
Premium Drone Plus,506.55,false
Edge Watch Plus,76.71,false
Slim Lamp Max,970.19,true
Max Lamp SE,644.02,false
Pulse Lamp X,460.17,false
Classic Bottle v2,448.16,true
Pure Case,104.43,false
Ultra Stand SE,2.16,true
Zen Tracker Air,638.25,true
Core Lens v2,950.44,false
Pulse Keyboard Pro,844.62,false
Lite Hub Air,600.74,false
Vibe Wallet X,99.23,true
Premium Webcam Max,830.21,false
Lite Cable Max,702.68,true
Arc Notebook v2,142.16,false
Pro Speaker Air,197.52,true
Luxe Bottle Mini,217.15,true
Vibe Webcam X,757.63,true
Luxe Drone Air,124.96,false
Hyper Lens Air,956.27,true
Pure Blender SE,736.73,false
Pulse Pad v2,924.51,true
Vibe Pad Plus,731.02,true
Pro Chair Air,606.94,false
Max Pillow Mini,419.82,true
Mega Chair Max,970.54,false
Zen Backpack Plus,413.91,false
Pulse Filter SE,860.98,true
Eco Charger Air,714.95,false
Luxe Lens Plus,981.36,true
Max Stand Max,710.92,false
Lite Watch Air,571.49,false
Ace Case SE,287.35,false
Zen Blender SE,108.25,false
Elite Keyboard,201.49,true
Mini Lens 2.0,148.13,true
Vibe Adapter 2.0,205.58,true
Flex Brush v2,104.27,true
Peak Drone SE,390.1,false
Vibe Lens,926.62,false
Nova Adapter Max,965.89,true
Premium Case 2.0,204.67,false
Pulse Lamp Max,755.59,true
Sonic Case Pro,295.58,true
Ace Headphones Plus,962.54,true
Rapid Keyboard Mini,280.54,false
Elite Notebook Air,846.31,true
Slim Wallet Plus,41.85,false
Swift Keyboard Air,843.44,false
Pure Adapter Air,551.05,true
Zen Filter Max,526.33,true
Max Headphones SE,161.04,false
Classic Desk Pro,883.62,false
Slim Desk 2.0,220.0,false
Lite Brush,116.48,false
Hyper Lamp Air,918.76,true
Ultra Lens Max,382.6,true
Rapid Speaker SE,724.52,true
Luxe Cable Max,515.27,false
Pure Keyboard 2.0,898.48,true
Slim Cable X,948.31,true
Sonic Stand SE,9.31,true
Eco Lens Pro,865.21,false
Pulse Monitor Pro,538.67,false
Core Brush X,747.39,true
Premium Wallet Max,39.8,true
Ultra Notebook 2.0,558.96,true
Luxe Speaker Mini,389.25,false
Nova Webcam,390.71,true
Lite Blender Air,65.1,true
Vibe Bottle X,358.97,true
Mini Adapter 2.0,607.34,false
Sonic Grip v2,382.64,true
Pure Notebook SE,221.42,false
Zen Adapter SE,296.38,true
Mini Lens Max,957.47,true
Lite Bottle SE,143.08,true
Premium Pad Air,395.28,true
Mini Charger Max,213.3,true
Smart Notebook Pro,617.64,false
Eco Monitor Plus,671.63,true
Edge Hub SE,462.33,true
Mini Lens X,252.18,true
Peak Pad v2,951.63,false
Elite Lens Pro,101.83,true
Arc Charger Max,486.88,false
Swift Lens 2.0,694.06,true
Bold Pad Max,808.07,false
Smart Blender Max,247.67,true
Vibe Case Mini,278.12,false
Elite Lens Max,878.12,false
Hyper Desk 2.0,487.99,true
Smart Drone Air,83.8,false
Edge Brush Plus,891.5,true
